trajectory_id,task_name,task_category,total_actions,traj_overall_stability,traj_velocity_stability,traj_acceleration_stability,traj_jerk_stability,traj_position_stability,gripper_overall_stability,gripper_smoothness,gripper_frequency,gripper_coordination,gripper_changes,gripper_expected_changes,has_vla_explosion,has_erratic_gripper
20250515_033319_Tabletop-Open-Trigger-v1_gr00t,Tabletop-Open-Trigger-v1_gr00t,interaction,410,0.08313618920351619,0.016195083340638742,2.145674969668873e-06,2.5293544323497135e-10,0.7989652873172335,0.34293447894207785,0.29390669902442523,0.0221606648199446,0.7290786662877479,361,8,True,True
20250515_023538_Tabletop-Open-Door-v1_gr00t,Tabletop-Open-Door-v1_gr00t,interaction,410,0.07785676166954483,0.008694744240972416,1.1767272185978208e-06,1.4129121632333874e-10,0.7611745974666828,0.2651817238882742,0.09715837223478914,0.02168021680216802,0.7327143665123605,369,8,True,True
20250515_012254_Tabletop-Close-Door-v1_gr00t,Tabletop-Close-Door-v1_gr00t,interaction,11,0.11167715202513012,0.09514927235364906,3.7910938468251476e-05,1.3505239364364025e-08,0.9263591887076408,0.9163404461564693,0.790851115391173,1.0,1.0,1,2,True,False
20250515_080604_Tabletop-Rotate-USB-v1_gr00t,Tabletop-Rotate-USB-v1_gr00t,manipulation,410,0.07268298348773602,0.0014755189397589494,1.9516782041750106e-07,2.368025405084352e-11,0.72387821139966,0.34954592718193633,0.310380781644076,0.021798365122615803,0.7295136832917374,367,8,True,True
20250515_012821_Tabletop-Close-Drawer-v1_gr00t,Tabletop-Close-Drawer-v1_gr00t,interaction,410,0.08058401518402225,0.014039426332107753,1.924935457515652e-06,2.328266468653812e-10,0.7777555234383278,0.23308258005328436,0.017349195376662862,0.022408963585434174,0.7314007094232965,357,8,True,True
20250515_062320_Tabletop-Put-Ball-IntoContainer-v1_gr00t,Tabletop-Put-Ball-IntoContainer-v1_gr00t,manipulation,410,0.08634089900011423,0.0206382941034064,2.7834972363786735e-06,3.3230639127397897e-10,0.8221240499733947,0.3274138441451705,0.25196205584694026,0.021739130434782608,0.7336909422531986,368,8,True,True
20250515_074250_Tabletop-Rotate-Holder-v1_gr00t,Tabletop-Rotate-Holder-v1_gr00t,manipulation,410,0.08241383474778244,0.01486485291085602,2.0277673590668417e-06,2.4402332597791797e-10,0.7944025573779419,0.3396470708229805,0.28220253272208684,0.02185792349726776,0.7340289356165515,366,8,True,True
20250515_043245_Tabletop-Pick-Book-FromShelf-v1_gr00t,Tabletop-Pick-Book-FromShelf-v1_gr00t,manipulation,410,0.080848460427508,0.013331631347926672,1.8572932481470308e-06,2.2658031097375042e-10,0.7818157687931608,0.2284521283136626,0.0070442700383771695,0.020942408376963352,0.7311723259507424,382,8,True,True
20250515_064036_Tabletop-Put-Fork-OnPlate-v1_gr00t,Tabletop-Put-Fork-OnPlate-v1_gr00t,manipulation,410,0.08393001410521839,0.018342150688257466,2.5776442844443355e-06,3.1230377319563077e-10,0.8026081054936004,0.24795080635924574,0.04896779539567034,0.021333333333333333,0.7398789606699254,375,8,True,True
20250515_041937_Tabletop-Pick-Book-FromShelf-v1_gr00t,Tabletop-Pick-Book-FromShelf-v1_gr00t,manipulation,410,0.07893469860167304,0.006650720471038576,9.109650125667623e-07,1.1051734081989824e-10,0.7760428117375462,0.24340025414461847,0.05223928111205358,0.02099737532808399,0.7206844303379061,381,8,True,True
20250515_010216_Tabletop-Close-Cabinet-v1_gr00t,Tabletop-Close-Cabinet-v1_gr00t,interaction,410,0.08459899727158374,0.017679884720331746,2.4199294499817975e-06,2.8995891835078626e-10,0.8106229423269882,0.3411652932260395,0.28526852643640216,0.022099447513812154,0.73476016132445,362,8,True,True
20250515_052510_Tabletop-Pick-Pen-v1_gr00t,Tabletop-Pick-Pen-v1_gr00t,manipulation,208,0.07040362320869539,0.003643250929908446,4.5074754790516766e-07,5.186531643568827e-11,0.6967483777770321,0.2665013434604272,0.09701283196615446,0.0213903743315508,0.7375969945816673,187,4,True,True
20250515_042400_Tabletop-Pick-Book-FromShelf-v1_gr00t,Tabletop-Pick-Book-FromShelf-v1_gr00t,manipulation,410,0.07418238941960448,0.003536882535088189,5.003804768050506e-07,6.115294446141827e-11,0.7347486277398261,0.23449898714297715,0.022643728558580316,0.021052631578947368,0.730419020819536,380,8,True,True
20250515_073812_Tabletop-Rotate-Holder-v1_gr00t,Tabletop-Rotate-Holder-v1_gr00t,manipulation,410,0.0816257585638125,0.017227437011953416,2.380988343797157e-06,2.8860916418583735e-10,0.7817955674947502,0.34429129338943354,0.29558176055863583,0.0213903743315508,0.7321382562217132,374,8,True,True
20250515_015903_Tabletop-Open-Cabinet-v1_gr00t,Tabletop-Open-Cabinet-v1_gr00t,interaction,410,0.08641622440172882,0.01984688138281305,2.705627248101453e-06,3.253632489605076e-10,0.8244603630684647,0.24884195990784663,0.06448578054763986,0.020833333333333332,0.7226588256293024,384,8,True,True
20250515_062049_Tabletop-Put-Ball-IntoContainer-v1_gr00t,Tabletop-Put-Ball-IntoContainer-v1_gr00t,manipulation,410,0.08361423958376464,0.01580371428039186,2.1034601327585714e-06,2.5079984679590396e-10,0.8045286558932649,0.29969992361660075,0.18351513023773244,0.02168021680216802,0.7326326882695247,369,8,True,True
20250515_074947_Tabletop-Rotate-USB-v1_gr00t,Tabletop-Rotate-USB-v1_gr00t,manipulation,410,0.08453881942928287,0.01803430455715258,2.479371243849416e-06,2.982720417281441e-10,0.8093121458717037,0.3373047345679411,0.2776028159619448,0.021917808219178082,0.7322942190580325,365,8,True,True
20250515_035856_Tabletop-Pick-Apple-v1_gr00t,Tabletop-Pick-Apple-v1_gr00t,manipulation,410,0.07754945350086909,0.004869484066215354,9.131290146287834e-07,1.3215474362144733e-10,0.7657528269605972,0.3426717560505462,0.29572631011925493,0.02127659574468085,0.7266608442647998,376,8,True,True
20250515_011422_Tabletop-Close-Cabinet-v1_gr00t,Tabletop-Close-Cabinet-v1_gr00t,interaction,105,0.08185344546729297,0.014908791821639565,2.0414977805729287e-06,2.4638559811527436e-10,0.7887107455507664,0.32528040067772956,0.23240590667168828,0.022727272727272728,0.751666187302908,88,2,True,True
20250515_030113_Tabletop-Open-Drawer-v1_gr00t,Tabletop-Open-Drawer-v1_gr00t,interaction,410,0.08621013631298062,0.01896303566557366,2.48871445765779e-06,2.9286130642240705e-10,0.8241678244838406,0.24631214565952458,0.050410955321487046,0.020512820512820513,0.733313057923612,390,8,True,True
20250515_021247_Tabletop-Open-Cabinet-v1_gr00t,Tabletop-Open-Cabinet-v1_gr00t,interaction,410,0.08686362157426135,0.02115303503979791,2.876225586687102e-06,3.4483187817470437e-10,0.82632151560693,0.2625713414581741,0.08430231085753556,0.021220159151193633,0.741614564566006,377,8,True,True
20250515_012157_Tabletop-Close-Door-v1_gr00t,Tabletop-Close-Door-v1_gr00t,interaction,164,0.07988335762150145,0.009584024442070146,1.199770124044233e-06,1.3638865805945787e-10,0.7796619274749474,0.3529204390654937,0.29888689447456335,0.02040816326530612,0.7574774409869217,147,3,True,True
20250515_061038_Tabletop-Put-Ball-IntoContainer-v1_gr00t,Tabletop-Put-Ball-IntoContainer-v1_gr00t,manipulation,410,0.08329055309684529,0.015225902620762205,2.0148471568428805e-06,2.3709876207125306e-10,0.8024476802370627,0.3213725319399322,0.23940288093692094,0.0223463687150838,0.7296915631687955,358,8,True,True
20250515_072858_Tabletop-Rotate-Holder-v1_gr00t,Tabletop-Rotate-Holder-v1_gr00t,manipulation,410,0.07928299743025924,0.010380224670979142,1.4020678397534604e-06,1.681097096270657e-10,0.7720653180846759,0.2724427047989525,0.11615695993684001,0.021220159151193633,0.7320462435961946,377,8,True,True
20250515_060331_Tabletop-Pull-Pivot-v1_gr00t,Tabletop-Pull-Pivot-v1_gr00t,other,410,0.04216323799927495,0.0001602951057943785,2.1464098344205792e-08,2.5901107228587313e-12,0.4213117253785052,0.35383508563500377,0.3181220479234257,0.02197802197802198,0.7333095329074231,364,8,True,True
20250515_071453_Tabletop-Rotate-Cube-v1_gr00t,Tabletop-Rotate-Cube-v1_gr00t,manipulation,410,0.0804611115518935,0.01762151849407755,2.407015849447176e-06,2.9066287049718836e-10,0.7693608563205802,0.24503732881353812,0.053826640166475245,0.020942408376963352,0.7240798341128634,382,8,True,True
20250515_042822_Tabletop-Pick-Book-FromShelf-v1_gr00t,Tabletop-Pick-Book-FromShelf-v1_gr00t,manipulation,410,0.08138621575825855,0.016870751766707076,2.3073448193439136e-06,2.771824341813506e-10,0.7801137309059835,0.24837830197915045,0.05629321674297151,0.020942408376963352,0.7319276425629094,382,8,True,True
20250515_014957_Tabletop-Close-Microwave-v1_gr00t,Tabletop-Close-Microwave-v1_gr00t,interaction,410,0.0855118720398697,0.020683876771928428,2.8739090371865867e-06,3.47333770271575e-10,0.8137423437383934,0.3467684545200821,0.30053368448944434,0.02247191011235955,0.732711358968655,356,8,True,True
20250515_053521_Tabletop-Pick-Pen-v1_gr00t,Tabletop-Pick-Pen-v1_gr00t,manipulation,410,0.08562683823855814,0.019448064430022532,2.673063083871113e-06,3.195330240091551e-10,0.8173642330581526,0.3390405921622539,0.2843634297167806,0.02247191011235955,0.7285121574727792,356,8,True,True
20250515_012252_Tabletop-Close-Door-v1_gr00t,Tabletop-Close-Door-v1_gr00t,interaction,11,0.12300431755946678,0.14462055028372053,6.104962064278454e-05,2.1791763702666463e-08,0.9406188389982435,0.9002067481362539,0.9755168703406347,1.0,0.7,1,2,True,False
20250515_031025_Tabletop-Open-Microwave-v1_gr00t,Tabletop-Open-Microwave-v1_gr00t,interaction,410,0.08311838743305025,0.016460577693789828,2.28616139356397e-06,2.811693245689612e-10,0.7982558593340647,0.2455951581225322,0.050214150102465833,0.021447721179624665,0.7302506057588615,373,8,True,True
20250515_061312_Tabletop-Put-Ball-IntoContainer-v1_gr00t,Tabletop-Put-Ball-IntoContainer-v1_gr00t,manipulation,410,0.08047970280304578,0.009126079949980348,1.2593191585418281e-06,1.527026084362872e-10,0.7865410895622109,0.33582013013281914,0.26820587177376165,0.0221606648199446,0.739631939924437,361,8,True,True
20250515_011714_Tabletop-Close-Cabinet-v1_gr00t,Tabletop-Close-Cabinet-v1_gr00t,interaction,410,0.08431543087820127,0.0175742489627168,2.3621867057608566e-06,2.8175616472746704e-10,0.8079987231694371,0.3063720770740085,0.19839460542012238,0.021739130434782608,0.7349749859184158,368,8,True,True
20250515_011935_Tabletop-Close-Cabinet-v1_gr00t,Tabletop-Close-Cabinet-v1_gr00t,interaction,410,0.08449292980827108,0.017735322982406074,2.3919562696574892e-06,2.853586068382126e-10,0.8094514751076551,0.2755293173933947,0.11828628734321293,0.021447721179624665,0.7392682870074072,373,8,True,True
20250515_054702_Tabletop-Pull-Pivot-v1_gr00t,Tabletop-Pull-Pivot-v1_gr00t,other,410,0.06379682063112202,0.0014140040600834351,2.197402077445898e-07,2.8584340564794096e-11,0.6351395388560928,0.383845254895296,0.3871302995925827,0.02168021680216802,0.7416302333920416,369,8,True,True
20250515_062824_Tabletop-Put-Ball-IntoContainer-v1_gr00t,Tabletop-Put-Ball-IntoContainer-v1_gr00t,manipulation,410,0.08512762099066026,0.018789909311794053,2.530702762712847e-06,3.021589833766489e-10,0.8136887979660904,0.3718601544895146,0.3651397115326773,0.02168021680216802,0.7310006827859776,369,8,True,True
20250515_040116_Tabletop-Pick-Apple-v1_gr00t,Tabletop-Pick-Apple-v1_gr00t,manipulation,410,0.07102874685568288,0.002442174432577152,3.3743163740473567e-07,3.912605636443002e-11,0.705402107240258,0.3299786357237583,0.26948893784399675,0.021505376344086023,0.7191048256097792,372,8,True,True
20250515_044859_Tabletop-Pick-Bottle-v1_gr00t,Tabletop-Pick-Bottle-v1_gr00t,manipulation,410,0.07824816939735842,0.0068648933964891795,1.1308719199201322e-06,1.4914291074797256e-10,0.7687485139682744,0.34489295617133986,0.3007842053411215,0.0221606648199446,0.7264369152963596,361,8,True,True
20250515_054217_Tabletop-Pick-Pen-v1_gr00t,Tabletop-Pick-Pen-v1_gr00t,manipulation,410,0.0729585123463237,0.003595263792935276,5.092345549000363e-07,6.262204987030695e-11,0.7223930679232134,0.22773968027194852,0.009193666644431617,0.020942408376963352,0.725931637003623,382,8,True,True
20250515_075427_Tabletop-Rotate-USB-v1_gr00t,Tabletop-Rotate-USB-v1_gr00t,manipulation,410,0.08354922060039646,0.015584103054447103,2.116536919646403e-06,2.53780641207198e-10,0.8043176492691888,0.28222185959768115,0.13315909402757126,0.0213903743315508,0.7418036989572914,374,8,True,True
20250515_081047_Tabletop-Stack-Cubes-v1_gr00t,Tabletop-Stack-Cubes-v1_gr00t,other,410,0.07895961632889217,0.0075773000573130436,1.0821611217519864e-06,1.3526202932524538e-10,0.7744383161498822,0.2434790621156344,0.045836911282083295,0.020833333333333332,0.7296476586760036,384,8,True,True
20250515_013347_Tabletop-Close-Drawer-v1_gr00t,Tabletop-Close-Drawer-v1_gr00t,interaction,33,0.08003948959392213,0.01596332157953725,2.23759653043876e-06,2.677445493175777e-10,0.7684615389195772,0.3473254871046506,0.22656859561203982,0.1,0.7556601628661156,20,2,True,True
20250515_041255_Tabletop-Pick-Apple-v1_gr00t,Tabletop-Pick-Apple-v1_gr00t,manipulation,410,0.07291761723126623,0.001644609057033926,2.3196205100845503e-07,2.8455593349358688e-11,0.725886258198619,0.32761187311954554,0.25445684287324655,0.02185792349726776,0.7309058630702219,366,8,True,True
20250515_012258_Tabletop-Close-Door-v1_gr00t,Tabletop-Close-Door-v1_gr00t,interaction,11,0.1946734580297811,0.4856981581574035,0.0003398885802747787,1.209019527478898e-07,0.9743181146343685,0.7456510625892592,0.36412765647314793,1.0,1.0,1,2,True,False
20250515_013614_Tabletop-Close-Microwave-v1_gr00t,Tabletop-Close-Microwave-v1_gr00t,interaction,410,0.0876735032898965,0.023125352423793537,3.165094076486872e-06,3.8003368896043537e-10,0.8304748312490137,0.3684256928047662,0.37102419094348177,0.022099447513812154,0.7112872739107662,362,8,True,True
20250515_034711_Tabletop-Open-Trigger-v1_gr00t,Tabletop-Open-Trigger-v1_gr00t,interaction,410,0.08079644702221529,0.006817315582126516,8.911414965607507e-07,1.0505537348290298e-10,0.7943271652131887,0.33386867267363407,0.26297836460630464,0.021447721179624665,0.7408100349240828,373,8,True,True
20250515_063332_Tabletop-Put-Ball-IntoContainer-v1_gr00t,Tabletop-Put-Ball-IntoContainer-v1_gr00t,manipulation,410,0.08631273929431099,0.018709211166203974,2.499209624956108e-06,2.982367668832559e-10,0.8257014717888799,0.35631240364722705,0.3247969449927243,0.02203856749311295,0.7326068513406782,363,8,True,True
20250515_024503_Tabletop-Open-Drawer-v1_gr00t,Tabletop-Open-Drawer-v1_gr00t,interaction,410,0.08762277523706336,0.022291755458735116,2.985883210723949e-06,3.545901000726911e-10,0.8316352823851708,0.2565548204319933,0.08270923347546301,0.02077922077922078,0.7241245360268063,385,8,True,True
20250515_013319_Tabletop-Close-Drawer-v1_gr00t,Tabletop-Close-Drawer-v1_gr00t,interaction,40,0.08497134282797639,0.01773280598871839,2.3402294287799806e-06,2.836322704720281e-10,0.8142407944795117,0.4194136527393343,0.3803319348034627,0.07692307692307693,0.8140131858034203,26,2,True,True
20250515_055628_Tabletop-Pull-Pivot-v1_gr00t,Tabletop-Pull-Pivot-v1_gr00t,other,410,0.05931573379412224,0.0021959122578652903,3.7834303909342953e-07,4.661883064228731e-11,0.5887643782098992,0.3562774532162071,0.3248542753889217,0.02168021680216802,0.7327722600666267,369,8,True,True
20250515_064250_Tabletop-Put-Fork-OnPlate-v1_gr00t,Tabletop-Put-Fork-OnPlate-v1_gr00t,manipulation,410,0.08062694533540211,0.010133222748602655,1.5298658986484877e-06,1.9419403939219214e-10,0.7859984174823437,0.33225582452185515,0.27304032254179644,0.021798365122615803,0.7216672865611727,367,8,True,True
20250515_014048_Tabletop-Close-Microwave-v1_gr00t,Tabletop-Close-Microwave-v1_gr00t,interaction,410,0.08533635152476517,0.020281049244737018,2.8430416245281995e-06,3.5009703221075833e-10,0.8127928862329158,0.36962761299092994,0.3493859720037503,0.021505376344086023,0.7447387042873468,372,8,True,True
20250515_012301_Tabletop-Close-Drawer-v1_gr00t,Tabletop-Close-Drawer-v1_gr00t,interaction,410,0.08796889477696725,0.02770263251307781,3.910622478832381e-06,4.802579700691544e-10,0.8242719489550484,0.3555409006777605,0.31729006417736333,0.021739130434782608,0.7403437862546013,368,8,True,True
20250515_025855_Tabletop-Open-Drawer-v1_gr00t,Tabletop-Open-Drawer-v1_gr00t,interaction,410,0.08688228091613368,0.02213272492205244,3.0763888501669806e-06,3.694526651387752e-10,0.8245481286728705,0.25045796702368295,0.06759353451690693,0.02056555269922879,0.7241696246905052,389,8,True,True
20250515_041036_Tabletop-Pick-Apple-v1_gr00t,Tabletop-Pick-Apple-v1_gr00t,manipulation,410,0.073025791169165,0.003009269612024809,3.7247787085689375e-07,4.07043710470624e-11,0.7242382548711702,0.3346233396796058,0.27376362322412473,0.021798365122615803,0.7285946028439039,367,8,True,True
20250515_080824_Tabletop-Stack-Cubes-v1_gr00t,Tabletop-Stack-Cubes-v1_gr00t,other,410,0.08311366092933689,0.021298556783585134,3.061419635773339e-06,3.776327344404314e-10,0.7885303099567602,0.2286395290780687,0.006584372062835663,0.02072538860103627,0.7326272122420785,386,8,True,True
20250515_014741_Tabletop-Close-Microwave-v1_gr00t,Tabletop-Close-Microwave-v1_gr00t,interaction,410,0.08348709368219333,0.01787304224686635,2.485186540819927e-06,3.0225299469902017e-10,0.7991173955595661,0.22526535278347062,0.0029817599244659643,0.020618556701030927,0.7262902726779166,388,8,True,True
20250515_010939_Tabletop-Close-Cabinet-v1_gr00t,Tabletop-Close-Cabinet-v1_gr00t,interaction,410,0.08483206556376627,0.01802295206555046,2.493071598211595e-06,3.0336549496706286e-10,0.8122672710783052,0.32761930918580856,0.2514026791205668,0.021447721179624665,0.7354130706123149,373,8,True,True
20250515_022359_Tabletop-Open-Door-v1_gr00t,Tabletop-Open-Door-v1_gr00t,interaction,410,0.08493554512341371,0.018174171827399166,2.4897194039549503e-06,2.984952704467639e-10,0.8129996372271457,0.3390035750904278,0.2916895438129545,0.02099737532808399,0.7200951498894025,381,8,True,True
20250515_052014_Tabletop-Pick-Cube-ToHolder-v1_gr00t,Tabletop-Pick-Cube-ToHolder-v1_gr00t,manipulation,410,0.08261565778183115,0.011955311695768548,1.6047608439958825e-06,1.903282781780391e-10,0.8022411393829293,0.2304558295261814,0.0076179627041117305,0.02077922077922078,0.7372495940359016,385,8,True,True
20250515_013330_Tabletop-Close-Drawer-v1_gr00t,Tabletop-Close-Drawer-v1_gr00t,interaction,58,0.085764179206613,0.02049028516266954,2.8184252436484585e-06,3.3586442183453896e-10,0.8166527651216022,0.3797498704246155,0.3706250318386154,0.045454545454545456,0.7262116468426857,44,2,True,True
20250515_064718_Tabletop-Put-Fork-OnPlate-v1_gr00t,Tabletop-Put-Fork-OnPlate-v1_gr00t,manipulation,410,0.08372517911127976,0.01727909719248287,2.3208067066092008e-06,2.7350616091184847e-10,0.8026866332136874,0.24792701248304794,0.05848374492829024,0.02127659574468085,0.7271684526277586,376,8,True,True
20250515_035634_Tabletop-Pick-Apple-v1_gr00t,Tabletop-Pick-Apple-v1_gr00t,manipulation,410,0.07722251089391,0.004604529731416718,6.819050278477228e-07,8.956221689512545e-11,0.763014003402934,0.3447900710976159,0.2885345611696401,0.021739130434782608,0.7428483583310835,368,8,True,True
20250515_045341_Tabletop-Pick-Bottle-v1_gr00t,Tabletop-Pick-Bottle-v1_gr00t,manipulation,410,0.08232836028983197,0.012410430055980061,1.6671791505909786e-06,1.9881393139533116e-10,0.798457740453652,0.2332204306964832,0.013718448808003573,0.021164021164021163,0.7379461494135848,378,8,True,True
20250515_034014_Tabletop-Open-Trigger-v1_gr00t,Tabletop-Open-Trigger-v1_gr00t,interaction,410,0.08485594239315289,0.01804648754925637,2.4791682080765877e-06,2.9766962301688044e-10,0.8124590101377134,0.3468042651524548,0.297567473535867,0.022408963585434174,0.7368486222082592,357,8,True,True
20250515_032624_Tabletop-Open-Microwave-v1_gr00t,Tabletop-Open-Microwave-v1_gr00t,interaction,410,0.08470294334098652,0.020109840676399596,2.9042321287395277e-06,3.598598275007527e-10,0.8068010379212405,0.24216063704866575,0.03629944857223863,0.02127659574468085,0.7375262629878868,376,8,True,True
20250515_074510_Tabletop-Rotate-USB-v1_gr00t,Tabletop-Rotate-USB-v1_gr00t,manipulation,410,0.08345653226754329,0.018472070105136424,2.549665491855173e-06,3.065681754884896e-10,0.7976135322424118,0.3672093624849279,0.356072527922374,0.021220159151193633,0.7280476785687341,377,8,True,True
20250515_081529_Tabletop-Stack-Cubes-v1_gr00t,Tabletop-Stack-Cubes-v1_gr00t,other,410,0.0752401585868739,0.00404642971853678,5.926805727309446e-07,7.016353775264304e-11,0.744306948109293,0.29967573454704477,0.18357807030451706,0.021447721179624665,0.7327006335711685,373,8,True,True
20250515_074728_Tabletop-Rotate-USB-v1_gr00t,Tabletop-Rotate-USB-v1_gr00t,manipulation,410,0.06607480697726811,0.0011933983452815204,1.530931592541638e-07,1.7550983737216645e-11,0.6583608137324363,0.35390032784260306,0.31763710871519724,0.0213903743315508,0.7347612401901964,374,8,True,True
20250515_030808_Tabletop-Open-Microwave-v1_gr00t,Tabletop-Open-Microwave-v1_gr00t,interaction,410,0.08811985328932205,0.023441231938034685,3.269290319825477e-06,3.975194580696414e-10,0.8343062595561137,0.2331499982284858,0.020310428549391576,0.02040816326530612,0.7296779260971246,392,8,True,True
20250515_034452_Tabletop-Open-Trigger-v1_gr00t,Tabletop-Open-Trigger-v1_gr00t,interaction,410,0.0831467053294635,0.01575562718357766,2.1449332754826954e-06,2.571329587214513e-10,0.7999493630991213,0.33707576910413556,0.27942265896224855,0.022408963585434174,0.7286133881453529,357,8,True,True
20250515_013256_Tabletop-Close-Drawer-v1_gr00t,Tabletop-Close-Drawer-v1_gr00t,interaction,76,0.07707610599624132,0.010584711813470942,1.4801733097924104e-06,1.8212572338768773e-10,0.7495871950870391,0.3429502513850302,0.2666948814571854,0.03333333333333333,0.7542409960071869,60,2,True,True
20250515_071713_Tabletop-Rotate-Cube-v1_gr00t,Tabletop-Rotate-Cube-v1_gr00t,manipulation,410,0.08140072225802487,0.020612128575134246,2.852112189615549e-06,3.4115151429940137e-10,0.7727744077288053,0.23546657402802756,0.021610451140755393,0.021220159151193633,0.7348544860878911,377,8,True,True
20250515_011456_Tabletop-Close-Cabinet-v1_gr00t,Tabletop-Close-Cabinet-v1_gr00t,interaction,410,0.08454722395438471,0.018260139136877136,2.507667192440888e-06,3.039953292941626e-10,0.8089444370525342,0.28452470508778244,0.14093478351009164,0.02185792349726776,0.7386447154485515,366,8,True,True
20250515_030553_Tabletop-Open-Microwave-v1_gr00t,Tabletop-Open-Microwave-v1_gr00t,interaction,410,0.08166729325419218,0.017229363003087226,2.336790517537759e-06,2.7789178002442285e-10,0.7822071950526277,0.22762573978858208,0.007337161937039412,0.020618556701030927,0.7283510266781902,388,8,True,True
20250515_082705_Tabletop-Stack-Cubes-v1_gr00t,Tabletop-Stack-Cubes-v1_gr00t,other,410,0.0786959381122526,0.004977270545519059,6.646156627314773e-07,8.035825225375661e-11,0.7770028458630666,0.22767150200317302,0.00966521922870707,0.020942408376963352,0.7250756393286706,382,8,True,True
20250515_042611_Tabletop-Pick-Book-FromShelf-v1_gr00t,Tabletop-Pick-Book-FromShelf-v1_gr00t,manipulation,410,0.08089160838177724,0.01669506346593884,2.316717928877339e-06,2.804243856618405e-10,0.7755190056104104,0.23133110264502946,0.011358566812866155,0.020942408376963352,0.73501651135598,382,8,True,True
20250515_024723_Tabletop-Open-Drawer-v1_gr00t,Tabletop-Open-Drawer-v1_gr00t,interaction,410,0.0853843779702727,0.02062451338724022,2.8075519638387307e-06,3.3788839313299405e-10,0.8125863289208015,0.2613219035678152,0.092409854045315,0.021798365122615803,0.7260615080430148,367,8,True,True
20250515_080127_Tabletop-Rotate-USB-v1_gr00t,Tabletop-Rotate-USB-v1_gr00t,manipulation,410,0.07512718197639723,0.0023145339139822346,3.831064241871176e-07,5.3211154390090774e-11,0.7466416024038907,0.34164656016936223,0.29524199289809344,0.02247191011235955,0.7226939665880565,356,8,True,True
20250515_072639_Tabletop-Rotate-Holder-v1_gr00t,Tabletop-Rotate-Holder-v1_gr00t,manipulation,410,0.08155168887303071,0.01442297640706879,1.8778220878588357e-06,2.1889629973183482e-10,0.7866653015743208,0.3496433464181885,0.30265907933076347,0.021505376344086023,0.7404270059421911,372,8,True,True
20250515_040817_Tabletop-Pick-Apple-v1_gr00t,Tabletop-Pick-Apple-v1_gr00t,manipulation,410,0.07258288757606648,0.0013314399754125684,1.7247680661262277e-07,1.9962113862180527e-11,0.7231654782995713,0.3303542182764959,0.24556261466003254,0.022408963585434174,0.7513549444561756,357,8,True,True
20250515_051527_Tabletop-Pick-Cube-ToHolder-v1_gr00t,Tabletop-Pick-Cube-ToHolder-v1_gr00t,manipulation,410,0.08327084613144575,0.018019587255051907,2.4372980327272765e-06,2.904554533994132e-10,0.7966619737484336,0.32854477542793026,0.2546084492069892,0.02168021680216802,0.7339911023482806,369,8,True,True
20250515_082013_Tabletop-Stack-Cubes-v1_gr00t,Tabletop-Stack-Cubes-v1_gr00t,other,410,0.0800746017507359,0.008133696140993333,1.1129797577502172e-06,1.3496269102503726e-10,0.7844752857462484,0.2295840451835099,0.020132092280281386,0.02185792349726776,0.71657943740739,366,8,True,True
20250515_012255_Tabletop-Close-Door-v1_gr00t,Tabletop-Close-Door-v1_gr00t,interaction,11,0.2079730993146321,0.5505333167467769,0.0004409560305689323,1.56943038387404e-07,0.9773408637889067,0.8478922485651852,0.6197306214129632,1.0,1.0,1,2,True,False
20250515_020557_Tabletop-Open-Cabinet-v1_gr00t,Tabletop-Open-Cabinet-v1_gr00t,interaction,410,0.08647686753274353,0.0207701064620081,2.772995804284036e-06,3.2828010961783666e-10,0.8232201421028857,0.2922372793337562,0.16135364123460058,0.0213903743315508,0.7375957018015024,374,8,True,True
20250515_013039_Tabletop-Close-Drawer-v1_gr00t,Tabletop-Close-Drawer-v1_gr00t,interaction,410,0.08350425996972015,0.016219509840948027,2.173938740851964e-06,2.5825430331773354e-10,0.8025970571660657,0.3674519980241795,0.3570578252140489,0.02168021680216802,0.7270826763263651,369,8,True,True
20250515_075647_Tabletop-Rotate-USB-v1_gr00t,Tabletop-Rotate-USB-v1_gr00t,manipulation,410,0.0824459502317986,0.012354691784505113,1.657654723160783e-06,1.9708862321620594e-10,0.7997451449964518,0.3535993134671967,0.31921931646809504,0.02185792349726776,0.7311806994359279,366,8,True,True
20250515_014524_Tabletop-Close-Microwave-v1_gr00t,Tabletop-Close-Microwave-v1_gr00t,interaction,410,0.08528085674263419,0.019677732688978867,2.6096424985500172e-06,3.073615782171674e-10,0.8134452718914422,0.34628568652090463,0.306625332025433,0.021798365122615803,0.7236534805798222,367,8,True,True
20250515_050805_Tabletop-Pick-Cube-ToHolder-v1_gr00t,Tabletop-Pick-Cube-ToHolder-v1_gr00t,manipulation,410,0.07777007312262815,0.008703366286142291,1.2929405767743266e-06,1.5710108568106498e-10,0.7602901192038622,0.3781886676771531,0.3812875385100683,0.02168021680216802,0.7305652907749179,369,8,True,True
20250515_033537_Tabletop-Open-Trigger-v1_gr00t,Tabletop-Open-Trigger-v1_gr00t,interaction,410,0.06652874385130893,0.0015199680420781778,2.0877731133446804e-07,2.4490541562593755e-11,0.6622468759990368,0.3545749105408542,0.31701039596293773,0.02168021680216802,0.7375556237167624,369,8,True,True
20250515_065358_Tabletop-Put-Fork-OnPlate-v1_gr00t,Tabletop-Put-Fork-OnPlate-v1_gr00t,manipulation,410,0.08261600497496484,0.015314421649006336,2.0706132166335724e-06,2.472443450136806e-10,0.7955249936230083,0.23824428256073685,0.029135392036981178,0.020671834625323,0.7346285845278249,387,8,True,True
20250515_012257_Tabletop-Close-Door-v1_gr00t,Tabletop-Close-Door-v1_gr00t,interaction,11,0.095800503629863,0.03700647405778323,1.3849711157781752e-05,4.931366790391865e-09,0.8839505193241229,0.7456510625892592,0.36412765647314793,1.0,1.0,1,2,True,False
20250515_022838_Tabletop-Open-Door-v1_gr00t,Tabletop-Open-Door-v1_gr00t,interaction,410,0.08134934948767682,0.014885789903574897,1.997287683326043e-06,2.3630417303502376e-10,0.7837159222613517,0.3115663907403943,0.2096461949549306,0.0215633423180593,0.7374630335433474,371,8,True,True
20250515_010721_Tabletop-Close-Cabinet-v1_gr00t,Tabletop-Close-Cabinet-v1_gr00t,interaction,410,0.08193482266534213,0.016466581966886683,2.232301995859359e-06,2.678275072891111e-10,0.7864083647423503,0.3131050025944716,0.2204186294581022,0.021621621621621623,0.7281702144158141,370,8,True,True
20250515_062553_Tabletop-Put-Ball-IntoContainer-v1_gr00t,Tabletop-Put-Ball-IntoContainer-v1_gr00t,manipulation,410,0.08367091966928675,0.015210781049561532,2.101247977138422e-06,2.538816513423393e-10,0.8062813298342862,0.33187632366014225,0.26890721821861174,0.021505376344086023,0.7262060782315725,372,8,True,True
20250515_020340_Tabletop-Open-Cabinet-v1_gr00t,Tabletop-Open-Cabinet-v1_gr00t,interaction,410,0.08587537155194072,0.019446829452557924,2.692276271631493e-06,3.266486967353802e-10,0.8198519784788817,0.27589395205298567,0.11732263747683647,0.021108179419525065,0.7421081441213119,379,8,True,True
20250515_070529_Tabletop-Rotate-Cube-v1_gr00t,Tabletop-Rotate-Cube-v1_gr00t,manipulation,410,0.08088872581522391,0.018955710593653804,2.5265826098950923e-06,2.9943162980955e-10,0.7709682560193754,0.26547754377374677,0.09298544193836962,0.021164021164021163,0.7397805354973085,378,8,True,True
20250515_051750_Tabletop-Pick-Cube-ToHolder-v1_gr00t,Tabletop-Pick-Cube-ToHolder-v1_gr00t,manipulation,410,0.08283044662122971,0.014860134112166168,2.0054324658709864e-06,2.418552889676315e-10,0.7985781807231459,0.23099990255488273,0.014799069593406086,0.020833333333333332,0.7294342490584009,384,8,True,True
20250515_070048_Tabletop-Rotate-Cube-v1_gr00t,Tabletop-Rotate-Cube-v1_gr00t,manipulation,410,0.08031082954728397,0.01652221347894307,2.237243760432023e-06,2.6870351894818984e-10,0.7700571557088581,0.28804036031950686,0.1654431701694372,0.0215633423180593,0.7179802985210474,371,8,True,True
20250515_053047_Tabletop-Pick-Pen-v1_gr00t,Tabletop-Pick-Pen-v1_gr00t,manipulation,410,0.0668513200595612,0.0016524754554342982,1.9252932317856672e-07,2.087714438225506e-11,0.6652076720132651,0.36944928388240766,0.35395327404356525,0.022408963585434174,0.7371509506311711,357,8,True,True
20250515_063056_Tabletop-Put-Ball-IntoContainer-v1_gr00t,Tabletop-Put-Ball-IntoContainer-v1_gr00t,manipulation,410,0.0851817206608858,0.017467556178652244,2.298948346079086e-06,2.702741224069852e-10,0.8168751963254187,0.33558763108188255,0.27211504351059795,0.021739130434782608,0.7340662484906953,368,8,True,True
20250515_043711_Tabletop-Pick-Bottle-v1_gr00t,Tabletop-Pick-Bottle-v1_gr00t,manipulation,410,0.07273876033940083,0.002040684528593342,3.032648738152768e-07,3.937439243582459e-11,0.7233053243847026,0.3273047698680417,0.2555848306467997,0.02197802197802198,0.7282581033863841,364,8,True,True
20250515_035415_Tabletop-Pick-Apple-v1_gr00t,Tabletop-Pick-Apple-v1_gr00t,manipulation,410,0.0740969052221008,0.0033598291047862083,4.942374080509914e-07,5.940075559385131e-11,0.7342479110616085,0.32780360810598475,0.2545681319458332,0.021220159151193633,0.7320343586076447,377,8,True,True
20250515_022139_Tabletop-Open-Door-v1_gr00t,Tabletop-Open-Door-v1_gr00t,interaction,410,0.08197147131450526,0.01576234778072909,2.2408218214029997e-06,2.750696061781714e-10,0.7881832940178518,0.34448584817285444,0.29199798331318366,0.022222222222222223,0.736733293936381,360,8,True,True
20250515_033756_Tabletop-Open-Trigger-v1_gr00t,Tabletop-Open-Trigger-v1_gr00t,interaction,410,0.06761079581199983,0.001266091881765379,1.9701675263000127e-07,2.5725922472139465e-11,0.673575183203306,0.3546769829409533,0.3156828909941085,0.0215633423180593,0.7397827461596403,371,8,True,True
20250515_045120_Tabletop-Pick-Bottle-v1_gr00t,Tabletop-Pick-Bottle-v1_gr00t,manipulation,410,0.08363503759909802,0.017760849949463586,2.474939688813458e-06,3.0138357523149115e-10,0.8008212500674522,0.24885556460226305,0.06621504354847,0.021220159151193633,0.7200116647917232,377,8,True,True
20250515_041728_Tabletop-Pick-Book-FromShelf-v1_gr00t,Tabletop-Pick-Book-FromShelf-v1_gr00t,manipulation,410,0.07789499638060353,0.014795696749624554,2.0848957835523745e-06,2.557248821865942e-10,0.749352314596536,0.23213005952399535,0.005484841822454525,0.0213903743315508,0.7450633683184943,374,8,True,True
20250515_055407_Tabletop-Pull-Pivot-v1_gr00t,Tabletop-Pull-Pivot-v1_gr00t,other,410,0.053308942285367325,0.00038493556182454195,5.544719633192399e-08,6.702730332897676e-12,0.5323193853616243,0.34669983972269175,0.3035834875870568,0.02197802197802198,0.7289101269815416,364,8,True,True
20250515_032149_Tabletop-Open-Microwave-v1_gr00t,Tabletop-Open-Microwave-v1_gr00t,interaction,410,0.08283777421660374,0.020124961096481188,2.8841459309342587e-06,3.5761079994257016e-10,0.7881191661048389,0.22912780088198342,0.005515035068136804,0.020512820512820513,0.7358931356696085,390,8,True,True
20250515_044154_Tabletop-Pick-Bottle-v1_gr00t,Tabletop-Pick-Bottle-v1_gr00t,manipulation,410,0.07941832500093324,0.005148907090730789,7.723717228147118e-07,1.0227066132053043e-10,0.7838831183036197,0.27953677353675443,0.1368334761378931,0.02203856749311295,0.7273060427788778,363,8,True,True
20250515_081309_Tabletop-Stack-Cubes-v1_gr00t,Tabletop-Stack-Cubes-v1_gr00t,other,410,0.07723475109720998,0.0038915935617213886,5.355818129002512e-07,6.602604876565366e-11,0.7645627168391141,0.22732571980821611,0.00557795251624931,0.02099737532808399,0.7293177540109707,381,8,True,True
20250515_082235_Tabletop-Stack-Cubes-v1_gr00t,Tabletop-Stack-Cubes-v1_gr00t,other,410,0.08432796441523248,0.01911638773895029,2.581152649206352e-06,3.060583530213148e-10,0.8050391239922431,0.242123788355874,0.035811075212697586,0.020833333333333332,0.7384978609026499,384,8,True,True
20250515_025419_Tabletop-Open-Drawer-v1_gr00t,Tabletop-Open-Drawer-v1_gr00t,interaction,410,0.08663546776592367,0.021257899621168502,2.891244570558926e-06,3.4516177505107615e-10,0.8238302033025409,0.26183042304433574,0.0922039535526242,0.02072538860103627,0.7291040834765838,386,8,True,True
20250515_020121_Tabletop-Open-Cabinet-v1_gr00t,Tabletop-Open-Cabinet-v1_gr00t,interaction,410,0.08615166359794345,0.019591864067093526,2.6672158908721952e-06,3.2297810733368593e-10,0.8223249049056622,0.25712918696978815,0.08061139368112444,0.02072538860103627,0.7288900430567583,386,8,True,True
20250515_043933_Tabletop-Pick-Bottle-v1_gr00t,Tabletop-Pick-Bottle-v1_gr00t,manipulation,410,0.0789033393354276,0.0032279272447580166,4.6507593643621144e-07,5.785095987014638e-11,0.7825761434055468,0.3068767883470065,0.1999007717593186,0.021505376344086023,0.7348828891335107,372,8,True,True
20250515_061816_Tabletop-Put-Ball-IntoContainer-v1_gr00t,Tabletop-Put-Ball-IntoContainer-v1_gr00t,manipulation,410,0.08416576876789895,0.016424945335603493,2.1635943739244146e-06,2.5577816370502235e-10,0.8088013052015481,0.33932090262993425,0.28328757541714855,0.021739130434782608,0.7316137777754668,368,8,True,True
20250515_025636_Tabletop-Open-Drawer-v1_gr00t,Tabletop-Open-Drawer-v1_gr00t,interaction,410,0.08711165581822916,0.020852092559160366,2.873291525145835e-06,3.458330491695217e-10,0.8294037518060631,0.2627589442126759,0.08769897903539955,0.021164021164021163,0.7377671541643659,378,8,True,True
20250515_054439_Tabletop-Pick-Pen-v1_gr00t,Tabletop-Pick-Pen-v1_gr00t,manipulation,410,0.0761342500021928,0.0022952783725490086,2.8909602779889586e-07,3.364892384318475e-11,0.7567510758541509,0.35598208093213407,0.32063418894564943,0.0215633423180593,0.737531342194855,371,8,True,True
20250515_052240_Tabletop-Pick-Cube-ToHolder-v1_gr00t,Tabletop-Pick-Cube-ToHolder-v1_gr00t,manipulation,410,0.08057619451928723,0.0051381114414160356,7.838874290618622e-07,1.0194003531820784e-10,0.7954833702399928,0.33628597417422057,0.2797467494970059,0.021621621621621623,0.7263359596297725,370,8,True,True
20250515_023058_Tabletop-Open-Door-v1_gr00t,Tabletop-Open-Door-v1_gr00t,interaction,410,0.08056550595750749,0.015204998699004666,2.10118975273396e-06,2.5336591545023175e-10,0.7752387575943436,0.34434850885966195,0.30584014630262124,0.021447721179624665,0.7185937799490868,373,8,True,True
20250515_024023_Tabletop-Open-Door-v1_gr00t,Tabletop-Open-Door-v1_gr00t,interaction,410,0.07682219025804607,0.010809610749440065,1.4239797296485485e-06,1.6665100944325227e-10,0.7465984084757876,0.3518327501849456,0.3184522006306931,0.021917808219178082,0.726255091556383,365,8,True,True
20250515_014307_Tabletop-Close-Microwave-v1_gr00t,Tabletop-Close-Microwave-v1_gr00t,interaction,410,0.08851897204014028,0.02484636415869508,3.4725963854395338e-06,4.244234060223735e-10,0.8354865725971626,0.3663956081260845,0.34744746718675634,0.02168021680216802,0.7363751873691053,369,8,True,True
20250515_072419_Tabletop-Rotate-Holder-v1_gr00t,Tabletop-Rotate-Holder-v1_gr00t,manipulation,410,0.0784017522775419,0.013597681986951321,1.852104158170621e-06,2.243436701587028e-10,0.7568166015916672,0.2491168297087344,0.06237987093626977,0.021052631578947368,0.726163639535141,380,8,True,True
20250515_044416_Tabletop-Pick-Bottle-v1_gr00t,Tabletop-Pick-Bottle-v1_gr00t,manipulation,410,0.08064667993505893,0.009863715438672776,1.3563492233035717e-06,1.687916226353253e-10,0.7867352987504074,0.27949699186340854,0.12440115152593322,0.0223463687150838,0.7434420687950337,358,8,True,True
20250515_015428_Tabletop-Close-Microwave-v1_gr00t,Tabletop-Close-Microwave-v1_gr00t,interaction,410,0.08557371845230566,0.018534353360037364,2.493911932332064e-06,2.9676402797127857e-10,0.8186609948801288,0.34305782982727406,0.2945971745866053,0.0213903743315508,0.7293394923105557,374,8,True,True
20250515_010437_Tabletop-Close-Cabinet-v1_gr00t,Tabletop-Close-Cabinet-v1_gr00t,interaction,78,0.08367572669965469,0.017670249487524072,2.565308546894602e-06,3.2152844136626105e-10,0.8014090708097442,0.30483594079179455,0.17809556185247064,0.029850746268656716,0.748808307234031,67,2,True,True
20250515_022618_Tabletop-Open-Door-v1_gr00t,Tabletop-Open-Door-v1_gr00t,interaction,410,0.08100069946504056,0.013764217005264178,1.8537880304614448e-06,2.2026939710719941e-10,0.7824729983947081,0.35485313497197296,0.31733060925935985,0.02168021680216802,0.7380560874252621,369,8,True,True
20250515_065833_Tabletop-Rotate-Cube-v1_gr00t,Tabletop-Rotate-Cube-v1_gr00t,manipulation,410,0.0790362003008739,0.01738334342494385,2.388998185555878e-06,2.8709675988594246e-10,0.7555881480159075,0.2528365680784588,0.059437770217481124,0.02127659574468085,0.7422616042268736,376,8,True,True
20250515_012805_Tabletop-Close-Drawer-v1_gr00t,Tabletop-Close-Drawer-v1_gr00t,interaction,56,0.08176550519489854,0.017445105057006836,2.3563443614667597e-06,2.7263245445598714e-10,0.7827577717113574,0.3474838265829612,0.26895889735101103,0.047619047619047616,0.752048511189475,42,2,True,True
20250515_021032_Tabletop-Open-Cabinet-v1_gr00t,Tabletop-Open-Cabinet-v1_gr00t,interaction,410,0.08736694219896919,0.021939835518188677,2.973208971435081e-06,3.5203106025806375e-10,0.829780829918276,0.3078087556374551,0.20071372148285585,0.020942408376963352,0.7374684817707459,382,8,True,True
20250515_051303_Tabletop-Pick-Cube-ToHolder-v1_gr00t,Tabletop-Pick-Cube-ToHolder-v1_gr00t,manipulation,410,0.08316680707681284,0.01679047644667853,2.3186606314828756e-06,2.828821074755026e-10,0.7980801607613484,0.23163586894333044,0.01297223299623725,0.021739130434782608,0.7330841220480026,368,8,True,True
20250515_055146_Tabletop-Pull-Pivot-v1_gr00t,Tabletop-Pull-Pivot-v1_gr00t,other,410,0.0682423356285266,0.0023357184729328093,4.523527772651113e-07,6.038083554809548e-11,0.6777505620395452,0.3458279331663179,0.29166021419269833,0.02099737532808399,0.7428821163027111,381,8,True,True
20250515_073334_Tabletop-Rotate-Holder-v1_gr00t,Tabletop-Rotate-Holder-v1_gr00t,manipulation,410,0.08047959384329663,0.015713393608449592,2.125629344047391e-06,2.518713598110691e-10,0.7733627733205494,0.35015774100264735,0.31220042022673905,0.02185792349726776,0.7290673195425713,366,8,True,True
20250515_075905_Tabletop-Rotate-USB-v1_gr00t,Tabletop-Rotate-USB-v1_gr00t,manipulation,410,0.08364997414527042,0.01656610288597407,2.2421774457829233e-06,2.681892376870595e-10,0.8033608080756618,0.3336797304734331,0.26688008739084895,0.022222222222222223,0.7342034295014228,360,8,True,True
20250515_075208_Tabletop-Rotate-USB-v1_gr00t,Tabletop-Rotate-USB-v1_gr00t,manipulation,410,0.07386304704541877,0.003526686549481399,5.297577861316166e-07,6.336818262586892e-11,0.7315755078283938,0.35345168735548804,0.30942252397297465,0.022099447513812154,0.7435094783738484,362,8,True,True
20250515_012256_Tabletop-Close-Door-v1_gr00t,Tabletop-Close-Door-v1_gr00t,interaction,11,0.12174897174751345,0.1388433210080473,5.8136319905092454e-05,2.0715298855162796e-08,0.9396285836381292,0.9773172309031557,0.9432930772578892,1.0,1.0,1,2,True,False
20250515_031933_Tabletop-Open-Microwave-v1_gr00t,Tabletop-Open-Microwave-v1_gr00t,interaction,410,0.08480162717169315,0.018207757244720915,2.4970597121888974e-06,2.997201255727939e-10,0.8115932648494725,0.23806932698280747,0.03049912438808386,0.021164021164021163,0.7317349029278919,378,8,True,True
20250515_070308_Tabletop-Rotate-Cube-v1_gr00t,Tabletop-Rotate-Cube-v1_gr00t,manipulation,410,0.08039245768559491,0.01740465463501574,2.354078577230219e-06,2.8057265040680165e-10,0.7691082042278953,0.24583894617460644,0.05031358180155535,0.021108179419525065,0.7312701987604227,379,8,True,True
20250515_082908_Tabletop-Stack-Cubes-v1_gr00t,Tabletop-Stack-Cubes-v1_gr00t,other,410,0.08244482017959479,0.014255057112889803,1.988387938712167e-06,2.423182703883844e-10,0.795932121437079,0.2557114274836866,0.07769187464870778,0.020833333333333332,0.7279489254140117,384,8,True,True
20250515_013357_Tabletop-Close-Microwave-v1_gr00t,Tabletop-Close-Microwave-v1_gr00t,interaction,410,0.08263422264017138,0.016124090742542597,2.210582431133622e-06,2.6633267888229784e-10,0.7940874121040045,0.3508014233123638,0.30535370595288097,0.022099447513812154,0.7401003555902259,362,8,True,True
20250515_071935_Tabletop-Rotate-Cube-v1_gr00t,Tabletop-Rotate-Cube-v1_gr00t,manipulation,410,0.08064877929193053,0.017847317149489117,2.4619903314562196e-06,2.995328168982402e-10,0.7707857714512013,0.2731189525774208,0.11334012820395724,0.021333333333333333,0.7379430043194598,375,8,True,True
20250515_025159_Tabletop-Open-Drawer-v1_gr00t,Tabletop-Open-Drawer-v1_gr00t,interaction,410,0.08501788608813121,0.018282253206249877,2.560196623100654e-06,3.1383613843112845e-10,0.8136066726235984,0.2372881281913236,0.033644243288804866,0.02056555269922879,0.7255358835534435,389,8,True,True
20250515_081753_Tabletop-Stack-Cubes-v1_gr00t,Tabletop-Stack-Cubes-v1_gr00t,other,410,0.08131032394669067,0.01493684388062559,2.053320103107469e-06,2.45531993363448e-10,0.7832233907632182,0.22916664639745185,0.01432759440332716,0.020618556701030927,0.7241668054193724,388,8,True,True
20250515_053739_Tabletop-Pick-Pen-v1_gr00t,Tabletop-Pick-Pen-v1_gr00t,manipulation,410,0.08626833393417076,0.02048732421840808,2.867601152166298e-06,3.4807576575914015e-10,0.8217000867091319,0.3497514718304655,0.30677581652478764,0.021917808219178082,0.7348860091826567,365,8,True,True
20250515_021505_Tabletop-Open-Cabinet-v1_gr00t,Tabletop-Open-Cabinet-v1_gr00t,interaction,410,0.08635678740004289,0.020132687546824065,2.7893324421416183e-06,3.402387091851554e-10,0.8232941295484995,0.23208815853584416,0.01697267934977514,0.020253164556962026,0.730743791429485,395,8,True,True
20250515_040557_Tabletop-Pick-Apple-v1_gr00t,Tabletop-Pick-Apple-v1_gr00t,manipulation,410,0.06961021068641154,0.002945794610296221,4.62191306759259e-07,5.772724784286672e-11,0.6902091308386937,0.3443916426253397,0.2930485728087683,0.021798365122615803,0.7354423465501589,367,8,True,True
20250515_043032_Tabletop-Pick-Book-FromShelf-v1_gr00t,Tabletop-Pick-Book-FromShelf-v1_gr00t,manipulation,410,0.06286511350151107,0.0034875208950054843,5.634740485335693e-07,7.302480178782937e-11,0.6216744025108549,0.33107261489556106,0.263856345225405,0.02168021680216802,0.7300867058824955,369,8,True,True
20250515_032405_Tabletop-Open-Microwave-v1_gr00t,Tabletop-Open-Microwave-v1_gr00t,interaction,410,0.08314445340106082,0.01658500298018099,2.285135330355945e-06,2.7511408643461903e-10,0.7982676715437987,0.3207665805477673,0.238398374597874,0.02197802197802198,0.7293794137173703,364,8,True,True
20250515_024243_Tabletop-Open-Drawer-v1_gr00t,Tabletop-Open-Drawer-v1_gr00t,interaction,410,0.08763434513996743,0.022935216744290058,3.1256129131571893e-06,3.7458472025526695e-10,0.8304636395740158,0.2620491994984541,0.0996507108472367,0.021052631578947368,0.7195770856195841,380,8,True,True
20250515_064505_Tabletop-Put-Fork-OnPlate-v1_gr00t,Tabletop-Put-Fork-OnPlate-v1_gr00t,manipulation,410,0.08360576076427037,0.01670514173281434,2.2380016882925234e-06,2.6451531374998425e-10,0.8026406091139489,0.25387779012122735,0.061552463082352106,0.021447721179624665,0.7427416284479971,373,8,True,True
20250515_060111_Tabletop-Pull-Pivot-v1_gr00t,Tabletop-Pull-Pivot-v1_gr00t,other,410,0.04191043914331891,0.0005560650631420975,8.511814739330781e-08,1.0799410205145071e-11,0.41799200590926505,0.35515729892073933,0.31788807861346574,0.021798365122615803,0.7382085264618943,367,8,True,True
20250515_040336_Tabletop-Pick-Apple-v1_gr00t,Tabletop-Pick-Apple-v1_gr00t,manipulation,410,0.08010728580481105,0.00841801853644188,1.2515706233533534e-06,1.594957121990148e-10,0.7842330656253739,0.2934955771050817,0.16855326278828295,0.021505376344086023,0.7320755302884757,372,8,True,True
20250515_063821_Tabletop-Put-Fork-OnPlate-v1_gr00t,Tabletop-Put-Fork-OnPlate-v1_gr00t,manipulation,410,0.08055959925974567,0.011870960543221067,1.6367032336857258e-06,1.9929434110811308e-10,0.781849160604136,0.23732116678024223,0.02083444435693133,0.021164021164021163,0.7421272756275445,378,8,True,True
20250515_045820_Tabletop-Pick-Bottle-v1_gr00t,Tabletop-Pick-Bottle-v1_gr00t,manipulation,410,0.08516498563513442,0.019402284925763374,2.587678638777529e-06,3.0782754713140573e-10,0.8128375222325909,0.2339971564291893,0.024552907223477968,0.021333333333333333,0.7259199784659938,375,8,True,True
20250515_071233_Tabletop-Rotate-Cube-v1_gr00t,Tabletop-Rotate-Cube-v1_gr00t,manipulation,410,0.07993238578939652,0.018698713778660368,2.5916202550672656e-06,3.1142133604943313e-10,0.7619186542301938,0.30508141751165196,0.19611699658442633,0.0213903743315508,0.7340583552613874,374,8,True,True
20250515_060815_Tabletop-Pull-Pivot-v1_gr00t,Tabletop-Pull-Pivot-v1_gr00t,other,410,0.045733019188925576,0.0005251994773906177,7.760249271623004e-08,1.0106757998349265e-11,0.45627956008656934,0.35930938841628063,0.33442321299767513,0.021917808219178082,0.7298825358381905,365,8,True,True
20250515_024941_Tabletop-Open-Drawer-v1_gr00t,Tabletop-Open-Drawer-v1_gr00t,interaction,410,0.08660053150349513,0.02018122640305268,2.798252631144482e-06,3.4104908213970393e-10,0.8256344661067562,0.23428920613337162,0.01864575316625863,0.02056555269922879,0.7355374635236651,389,8,True,True
20250515_055849_Tabletop-Pull-Pivot-v1_gr00t,Tabletop-Pull-Pivot-v1_gr00t,other,410,0.051337506419737236,0.0003092304924518241,4.259333616181481e-08,5.188180062299087e-12,0.5127564754117074,0.3298424808518326,0.25959341358855076,0.022099447513812154,0.7312509372075621,362,8,True,True
20250515_064930_Tabletop-Put-Fork-OnPlate-v1_gr00t,Tabletop-Put-Fork-OnPlate-v1_gr00t,manipulation,410,0.08325154544361951,0.016172323490148105,2.157891723601853e-06,2.5496497158256167e-10,0.8001643327608681,0.24113532831730466,0.024108582796736867,0.0215633423180593,0.7500763083439738,371,8,True,True
20250515_082454_Tabletop-Stack-Cubes-v1_gr00t,Tabletop-Stack-Cubes-v1_gr00t,other,410,0.08290603720936456,0.018918296132272767,2.5593669149999055e-06,3.0346061229356384e-10,0.7912161005145125,0.23110256018880906,0.007617395128893402,0.020942408376963352,0.7392429320805424,382,8,True,True
20250515_012521_Tabletop-Close-Drawer-v1_gr00t,Tabletop-Close-Drawer-v1_gr00t,interaction,410,0.08076444556041232,0.01776746836620136,2.403912066399056e-06,2.865983212459197e-10,0.7721023059891279,0.31260322678904207,0.20926237714210222,0.022727272727272728,0.7402669803800646,352,8,True,True
20250515_015212_Tabletop-Close-Microwave-v1_gr00t,Tabletop-Close-Microwave-v1_gr00t,interaction,410,0.08504522782991496,0.01832523702592107,2.5017267778189087e-06,3.0055808192706993e-10,0.8137942978647416,0.341497549410665,0.29562340617918087,0.022099447513812154,0.7220611756161635,362,8,True,True
20250515_034931_Tabletop-Open-Trigger-v1_gr00t,Tabletop-Open-Trigger-v1_gr00t,interaction,410,0.08518769737940696,0.017111156788323912,2.290807405092207e-06,2.727673160851403e-10,0.8176477867041372,0.34449752880680673,0.3047689246585749,0.022099447513812154,0.7198670822974437,362,8,True,True
20250515_030332_Tabletop-Open-Drawer-v1_gr00t,Tabletop-Open-Drawer-v1_gr00t,interaction,410,0.0856777804362522,0.018195185116907174,2.3749586144907062e-06,2.7617178842672496e-10,0.8203803081481769,0.26688518760515845,0.09729589894801853,0.021052631578947368,0.7388367951742228,380,8,True,True
20250515_034233_Tabletop-Open-Trigger-v1_gr00t,Tabletop-Open-Trigger-v1_gr00t,interaction,410,0.08288619306294957,0.014062665293073404,1.8279528493272163e-06,2.1592290239055195e-10,0.8007311153211092,0.3335503061754276,0.27207290973600784,0.021447721179624665,0.7276227530904568,373,8,True,True
20250515_023318_Tabletop-Open-Door-v1_gr00t,Tabletop-Open-Door-v1_gr00t,interaction,410,0.07891693972331124,0.0056705805924863765,7.574321610618896e-07,9.001265441731961e-11,0.7778259633916058,0.3517039678597446,0.31233372636574297,0.021505376344086023,0.7343962147007387,372,8,True,True
20250515_070751_Tabletop-Rotate-Cube-v1_gr00t,Tabletop-Rotate-Cube-v1_gr00t,manipulation,410,0.08171713459568827,0.016262283919610928,2.2472028469251067e-06,2.749969111590697e-10,0.7846400354091324,0.23586942038978348,0.030935750881199337,0.020671834625323,0.7243118988323561,387,8,True,True
20250515_032841_Tabletop-Open-Trigger-v1_gr00t,Tabletop-Open-Trigger-v1_gr00t,interaction,410,0.08324100213876946,0.016179494226630557,2.316846077434788e-06,2.8512107738259e-10,0.8000440812557168,0.3488633522657876,0.3085267554370773,0.02203856749311295,0.7294702661434092,363,8,True,True
20250515_042149_Tabletop-Pick-Book-FromShelf-v1_gr00t,Tabletop-Pick-Book-FromShelf-v1_gr00t,manipulation,410,0.07815382535710831,0.006556686232209501,8.85498903918388e-07,1.0583831367239911e-10,0.7684222241865991,0.22729313603580129,0.0076393396148996965,0.02099737532808399,0.7264606253047207,381,8,True,True
20250515_041516_Tabletop-Pick-Book-FromShelf-v1_gr00t,Tabletop-Pick-Book-FromShelf-v1_gr00t,manipulation,410,0.07626789928192128,0.011761721408043308,1.6486578276625e-06,2.0150380512501234e-10,0.7391506032236279,0.2242368791812257,0.004313966671158188,0.020887728459530026,0.7208165799163447,383,8,True,True
20250515_043458_Tabletop-Pick-Book-FromShelf-v1_gr00t,Tabletop-Pick-Book-FromShelf-v1_gr00t,manipulation,410,0.0736817751201144,0.001994446979500496,2.6728736137725695e-07,3.2189592044328704e-11,0.7328280552513003,0.2336705546912605,0.008136730242734943,0.02099737532808399,0.7470554999858044,381,8,True,True
20250515_021723_Tabletop-Open-Cabinet-v1_gr00t,Tabletop-Open-Cabinet-v1_gr00t,interaction,410,0.08505192184068834,0.017305946159484,2.3235391800259278e-06,2.796312081462461e-10,0.8159003543518504,0.2727292345947912,0.11424149337074212,0.020942408376963352,0.7358330491113512,382,8,True,True
20250515_023802_Tabletop-Open-Door-v1_gr00t,Tabletop-Open-Door-v1_gr00t,interaction,410,0.08079529772235876,0.01375285674069089,1.8558244761210486e-06,2.2261416874888662e-10,0.7804416953783208,0.3582621384424487,0.3266283078842857,0.02247191011235955,0.7362308075167553,356,8,True,True
20250515_015645_Tabletop-Open-Cabinet-v1_gr00t,Tabletop-Open-Cabinet-v1_gr00t,interaction,410,0.08710103263893543,0.02150652668084552,2.8784013934341147e-06,3.402505933030405e-10,0.8279886364624806,0.2738105337025387,0.1234102809613629,0.020833333333333332,0.7273214043933119,384,8,True,True
20250515_073115_Tabletop-Rotate-Holder-v1_gr00t,Tabletop-Rotate-Holder-v1_gr00t,manipulation,410,0.08210073766573184,0.01492440953722056,2.0174948325337435e-06,2.4232738002884967e-10,0.7911525041290701,0.2437368843845751,0.035918034033510106,0.02203856749311295,0.742527001744124,363,8,True,True
20250515_053303_Tabletop-Pick-Pen-v1_gr00t,Tabletop-Pick-Pen-v1_gr00t,manipulation,410,0.08030429350200712,0.011916557188510021,1.600111687795808e-06,1.9083081909324168e-10,0.7792050195446644,0.23470678622605465,0.03216790373483862,0.021621621621621623,0.7178437941521091,370,8,True,True
20250515_074032_Tabletop-Rotate-Holder-v1_gr00t,Tabletop-Rotate-Holder-v1_gr00t,manipulation,410,0.07412419986743281,0.0024971529042814955,3.493108097723192e-07,4.320920438109325e-11,0.736246644760499,0.3318330560864185,0.2687785636627723,0.022222222222222223,0.7255165465154764,360,8,True,True
20250515_031718_Tabletop-Open-Microwave-v1_gr00t,Tabletop-Open-Microwave-v1_gr00t,interaction,410,0.08601643068715598,0.019401039960988326,2.6718953431953545e-06,3.2523982601778164e-10,0.8213542099625942,0.23687490917225376,0.026370425898916118,0.02072538860103627,0.7336970741079215,386,8,True,True
20250515_060554_Tabletop-Pull-Pivot-v1_gr00t,Tabletop-Pull-Pivot-v1_gr00t,other,410,0.05742216339520999,0.0007158403801783519,9.678765639917398e-08,1.1292701835933244e-11,0.5727896627836031,0.3399812282635888,0.276078819595173,0.0223463687150838,0.7428192993699815,358,8,True,True
20250515_071012_Tabletop-Rotate-Cube-v1_gr00t,Tabletop-Rotate-Cube-v1_gr00t,manipulation,410,0.07909197524171456,0.015730222460379514,2.1245096781042523e-06,2.548357301323083e-10,0.7594529329480092,0.30816426682579395,0.21146286658028274,0.020833333333333332,0.7244304006456028,384,8,True,True
20250515_053958_Tabletop-Pick-Pen-v1_gr00t,Tabletop-Pick-Pen-v1_gr00t,manipulation,410,0.08188510748829474,0.013352962612173312,1.7890117778472263e-06,2.149989663075449e-10,0.7921397817632714,0.23779171541348307,0.027060799570733533,0.021220159151193633,0.7353378261327719,377,8,True,True
20250515_061543_Tabletop-Put-Ball-IntoContainer-v1_gr00t,Tabletop-Put-Ball-IntoContainer-v1_gr00t,manipulation,410,0.0858250623556784,0.01970466159146953,2.668291211299146e-06,3.1873327532598087e-10,0.8188332942252778,0.34731523452951346,0.30539425951373605,0.0221606648199446,0.7283644375934522,361,8,True,True
20250515_050310_Tabletop-Pick-Cube-ToHolder-v1_gr00t,Tabletop-Pick-Cube-ToHolder-v1_gr00t,manipulation,410,0.08465508889295381,0.01776113273835508,2.340269819946222e-06,2.7556456072371177e-10,0.8110216015411097,0.3329791575562256,0.27327176281782317,0.022099447513812154,0.7234687272498422,362,8,True,True
20250515_011201_Tabletop-Close-Cabinet-v1_gr00t,Tabletop-Close-Cabinet-v1_gr00t,interaction,410,0.08303315671484883,0.016850381705395365,2.3133542422000925e-06,2.8020080481959485e-10,0.7966238625541677,0.30652574419469636,0.20224517339795967,0.021505376344086023,0.7305868731076224,372,8,True,True
20250515_020814_Tabletop-Open-Cabinet-v1_gr00t,Tabletop-Open-Cabinet-v1_gr00t,interaction,410,0.08737290806717372,0.022231714981788064,3.0133903768131665e-06,3.6022294017656055e-10,0.8292566090961389,0.2695736076751038,0.10212432416323047,0.021447721179624665,0.7409652055197473,373,8,True,True
20250515_054924_Tabletop-Pull-Pivot-v1_gr00t,Tabletop-Pull-Pivot-v1_gr00t,other,410,0.03717961776264081,0.0003774972558640641,5.696621305420648e-08,7.165117319860029e-12,0.37104101218738034,0.34789562315321443,0.31135867552838803,0.022922636103151862,0.7215845403697122,349,8,True,True
20250515_063606_Tabletop-Put-Fork-OnPlate-v1_gr00t,Tabletop-Put-Fork-OnPlate-v1_gr00t,manipulation,410,0.08276150907211631,0.0147683865127602,2.0237964308705605e-06,2.4545133506934567e-10,0.7980722453245447,0.23947220744368167,0.04394519724913365,0.02099737532808399,0.7186497198186768,381,8,True,True
20250515_021941_Tabletop-Open-Door-v1_gr00t,Tabletop-Open-Door-v1_gr00t,interaction,343,0.08355938050940108,0.01905277867679621,2.5967595200247083e-06,3.0826167316788226e-10,0.7974804562288116,0.3363064848729327,0.28845766729761924,0.019801980198019802,0.7166094129815969,303,6,True,True
20250515_051034_Tabletop-Pick-Cube-ToHolder-v1_gr00t,Tabletop-Pick-Cube-ToHolder-v1_gr00t,manipulation,410,0.08342652204767807,0.017075643608212,2.352878548379815e-06,2.855096949323685e-10,0.8001068734826728,0.23031670474695734,0.016004043013551825,0.02056555269922879,0.7258180724392266,389,8,True,True
20250515_044639_Tabletop-Pick-Bottle-v1_gr00t,Tabletop-Pick-Bottle-v1_gr00t,manipulation,410,0.08094085882112893,0.006717339172739017,8.826104882148883e-07,1.0405335671250213e-10,0.7959712616181331,0.2913912764555562,0.16419472474401142,0.021917808219178082,0.730460146973994,365,8,True,True
20250515_072158_Tabletop-Rotate-Holder-v1_gr00t,Tabletop-Rotate-Holder-v1_gr00t,manipulation,410,0.0817062920923324,0.01474715932775942,1.946553599478713e-06,2.2835071531328548e-10,0.7875627616936038,0.3474915057899429,0.3135732695247265,0.0221606648199446,0.7180466617802299,361,8,True,True
20250515_052617_Tabletop-Pick-Pen-v1_gr00t,Tabletop-Pick-Pen-v1_gr00t,manipulation,410,0.07715482955309912,0.01093996640020085,1.5721720824883318e-06,1.9336718738371532e-10,0.7496636454408732,0.2328387319076591,0.021848494082143885,0.020942408376963352,0.7260553725390418,382,8,True,True
20250515_045559_Tabletop-Pick-Bottle-v1_gr00t,Tabletop-Pick-Bottle-v1_gr00t,manipulation,410,0.08237797017151,0.009740616114480181,1.2765160303287444e-06,1.4980748704991464e-10,0.8042946393388186,0.2561893467490217,0.07473027071421424,0.0215633423180593,0.7327607858930608,371,8,True,True
20250515_050539_Tabletop-Pick-Cube-ToHolder-v1_gr00t,Tabletop-Pick-Cube-ToHolder-v1_gr00t,manipulation,410,0.08421669627930709,0.017961885397738964,2.5432703675224373e-06,3.1315740497926315e-10,0.8062355609338607,0.23203789343876693,0.019487369717279854,0.021220159151193633,0.7262563260216564,377,8,True,True
20250515_073553_Tabletop-Rotate-Holder-v1_gr00t,Tabletop-Rotate-Holder-v1_gr00t,manipulation,410,0.08098596962365386,0.016393449799218637,2.1734860243490205e-06,2.549161538109897e-10,0.7770662751603636,0.3542000758202567,0.31123869439117136,0.02185792349726776,0.7438240700486928,366,8,True,True
20250515_012740_Tabletop-Close-Drawer-v1_gr00t,Tabletop-Close-Drawer-v1_gr00t,interaction,79,0.08018470160700361,0.013512440802144473,1.7997266440193566e-06,2.11325316568679e-10,0.7748167344405137,0.3554571756683207,0.308352852722487,0.03278688524590164,0.740933230018518,61,2,True,True
20250515_050041_Tabletop-Pick-Cube-ToHolder-v1_gr00t,Tabletop-Pick-Cube-ToHolder-v1_gr00t,manipulation,410,0.08277366102598613,0.01602843031086817,2.1796195896307597e-06,2.60296253551988e-10,0.795673209738171,0.2312025499447926,0.011571450919681037,0.0215633423180593,0.7336832229383414,371,8,True,True
20250515_033101_Tabletop-Open-Trigger-v1_gr00t,Tabletop-Open-Trigger-v1_gr00t,interaction,410,0.08487384622016413,0.019015352846053796,2.624089932810177e-06,3.1496494072488163e-10,0.8106998829798754,0.3496055853937706,0.30120601500865274,0.022857142857142857,0.7408867884438889,350,8,True,True
20250515_065143_Tabletop-Put-Fork-OnPlate-v1_gr00t,Tabletop-Put-Fork-OnPlate-v1_gr00t,manipulation,410,0.08482710566044536,0.01913840945846735,2.561729679879855e-06,3.016147012099039e-10,0.8099865512920205,0.2542821513169039,0.0698447720031554,0.021164021164021163,0.7333167872214512,378,8,True,True
20250515_031243_Tabletop-Open-Microwave-v1_gr00t,Tabletop-Open-Microwave-v1_gr00t,interaction,410,0.08418840377620693,0.020841919939753824,2.9383332011083393e-06,3.5805827493882965e-10,0.8001913814507251,0.27385852891702367,0.11948404863975817,0.021447721179624665,0.7321019770241101,373,8,True,True
20250515_010501_Tabletop-Close-Cabinet-v1_gr00t,Tabletop-Close-Cabinet-v1_gr00t,interaction,410,0.08364231584973368,0.018415938711702013,2.5172700458080217e-06,2.988972345842241e-10,0.7995837280682063,0.33289922960200646,0.26393137627153285,0.021917808219178082,0.7358377887587996,365,8,True,True
20250515_080345_Tabletop-Rotate-USB-v1_gr00t,Tabletop-Rotate-USB-v1_gr00t,manipulation,410,0.08075828999000671,0.01621341360873079,2.226618401929532e-06,2.682427931497796e-10,0.7751493917544285,0.22982301034358604,0.010854496808543411,0.02056555269922879,0.7310384860346668,389,8,True,True
20250515_052831_Tabletop-Pick-Pen-v1_gr00t,Tabletop-Pick-Pen-v1_gr00t,manipulation,410,0.08011874829005083,0.004219640205104801,5.929163249059913e-07,7.298592660774191e-11,0.7927464234493802,0.36122403619055415,0.33755407646478214,0.02197802197802198,0.7320299967041157,364,8,True,True
20250515_065613_Tabletop-Put-Fork-OnPlate-v1_gr00t,Tabletop-Put-Fork-OnPlate-v1_gr00t,manipulation,410,0.07219987778005028,0.003150116187451909,4.4261741810194585e-07,5.619520382880474e-11,0.7156972173485638,0.22790751772232318,0.005380162375231353,0.021505376344086023,0.7310127995633495,372,8,True,True
20250515_013831_Tabletop-Close-Microwave-v1_gr00t,Tabletop-Close-Microwave-v1_gr00t,interaction,410,0.08255925077886597,0.015507856507840654,2.1146129468631467e-06,2.562820848111407e-10,0.7945704499090094,0.23710242712434754,0.02327394221218224,0.021505376344086023,0.7378041244541628,372,8,True,True
20250515_012253_Tabletop-Close-Door-v1_gr00t,Tabletop-Close-Door-v1_gr00t,interaction,11,0.10980711807157983,0.08767791850566517,3.471679772257807e-05,1.2398165036859682e-08,0.9226111437186402,0.9773172309031557,0.9432930772578892,1.0,1.0,1,2,True,False
20250515_035154_Tabletop-Pick-Apple-v1_gr00t,Tabletop-Pick-Apple-v1_gr00t,manipulation,410,0.07552984836532146,0.004268465480276942,8.788051852581748e-07,1.3255164312059331e-10,0.7467589157468985,0.3373877929359674,0.2786478414296455,0.022408963585434174,0.7306865576282631,357,8,True,True
20250515_031502_Tabletop-Open-Microwave-v1_gr00t,Tabletop-Open-Microwave-v1_gr00t,interaction,410,0.08045515877900168,0.01584496613578519,2.140170178306941e-06,2.543051211603423e-10,0.772855233990691,0.23093350266177504,0.017341915379836002,0.021108179419525065,0.7255476089466104,379,8,True,True
